,accuracy,precision,recall,f1_score
Logistic Regression,0.5,0.3125,0.5,0.38461538461538464
SVM,0.5,0.2777777777777778,0.5,0.35714285714285715
Indo-BERT,0.9,0.95,0.9,0.9111111111111111
