,accuracy_at_k,mrr
Logistic Regression,0.9833333333333333,0.9416666666666667
SVM,0.9833333333333333,0.9666666666666667
Indo-BERT,0.9666666666666667,0.9180555555555555
